<?xml version='1.0' encoding='UTF-8'?>
<metadata>
  <idinfo>
    <citation>
      <citeinfo>
        <origin>United States Geological Survey</origin>
        <pubdate>20010501</pubdate>
        <title>Faults and tectonic contacts of Bangladesh (flt8bg)</title>
        <geoform>Downloadable GIS Data</geoform>
        <pubinfo>
          <pubplace>Reston,VA</pubplace>
          <publish>U.S. Geological Survey, Central Energy Resources Team</publish>
        </pubinfo>
        <lworkcit>
          <citeinfo>
            <origin>Persits, F.M., Wandrey, C.J., Milici, R.C., Manwar A.</origin>
            <origin>Amy S. Karshbaum</origin>
            <origin>Roland J. Viger</origin>
            <pubdate>2001</pubdate>
            <title>Digital Geologic and Geophysical Data of Bangladesh</title>
            <geoform>Digital Maps</geoform>
            <serinfo>
              <sername>U.S. Geological Survey Open-File Report</sername>
              <issue>OFR-97-470-H</issue>
            </serinfo>
            <pubinfo>
              <pubplace>Denver, Colorado</pubplace>
              <publish>U.S. Geological Survey, Central Energy Resources Team</publish>
            </pubinfo>
            <othercit>Geologic and Geophysical Data of Bangladesh is one of a series of
CD-ROMs presenting digital geologic maps of the world published by
the U.S. Geological Survey World Energy Project.</othercit>
            <onlink>https://pubs.usgs.gov/of/1997/ofr-97-470/OF97-470H/</onlink>
          </citeinfo>
        </lworkcit>
        <onlink>https://doi.org/10.5066/P93BL6ME</onlink>
      </citeinfo>
    </citation>
    <descript>
      <abstract>This coverage includes lines that describe faults and tectonic contacts of
the Bangladesh.</abstract>
      <purpose>This shapefile is also used in an ArcExplorer project. The data provide
government, geological community, consultants, and the general public with
an important geologic base for small scale natural resource surveys,
exploration and analysis.</purpose>
    </descript>
    <timeperd>
      <timeinfo>
        <sngdate>
          <caldate>1990</caldate>
        </sngdate>
      </timeinfo>
      <current>Date of publication</current>
    </timeperd>
    <status>
      <progress>Complete</progress>
      <update>Not Planned</update>
    </status>
    <spdom>
      <bounding>
        <westbc>87.984932</westbc>
        <eastbc>92.926903</eastbc>
        <northbc>26.733309</northbc>
        <southbc>20.552744</southbc>
      </bounding>
    </spdom>
    <keywords>
      <theme>
        <themekt>None</themekt>
        <themekey>geology</themekey>
        <themekey>Digital geologic map</themekey>
        <themekey>fault</themekey>
      </theme>
      <theme>
        <themekt>Gateway to the Earth Thesaurus</themekt>
        <themekey>Oil shale resources</themekey>
        <themekey>Oil sand resources</themekey>
        <themekey>Natural gas resources</themekey>
        <themekey>Economic geology</themekey>
      </theme>
      <theme>
        <themekt>ArcIMS Metadata Server Theme Codes Thesaurus</themekt>
        <themekey>geoscientificInformation</themekey>
        <themekey>environment</themekey>
      </theme>
      <theme>
        <themekt>USGS Energy Program Themes Thesaurus</themekt>
        <themekey>Earth Science</themekey>
        <themekey>Natural Resources</themekey>
        <themekey>U.S. Geological Survey</themekey>
        <themekey>USGS</themekey>
        <themekey>Geology</themekey>
        <themekey>Oil</themekey>
        <themekey>Natural Gas</themekey>
        <themekey>Petroleum</themekey>
        <themekey>Resource Assessment</themekey>
      </theme>
      <theme>
        <themekt>EnergyResourceActivities</themekt>
        <themekey>oilgas</themekey>
        <themekey>wep</themekey>
        <themekey>worldgeologicmaps</themekey>
        <themekey>bangladesh</themekey>
      </theme>
      <place>
        <placekt>None</placekt>
        <placekey>Bangladesh</placekey>
        <placekey>South Asia</placekey>
      </place>
      <place>
        <placekt>USGS Energy Program Petroleum Assessment Units</placekt>
        <placekey>Ganges-Brahmaputra Delta, Province 8047</placekey>
        <placekey>Permian Coal, Total Petroleum System 804701</placekey>
        <placekey>Jalangi-Sylhet/Burdwan Composite, Total Petroleum System 804702</placekey>
        <placekey>Jenam/Bhuban-Bokabil, Total Petroleum System 804703</placekey>
        <placekey>Tertiary Composite Total Petroleum System</placekey>
        <placekey>South Asia, Region 8</placekey>
      </place>
      <theme>
        <themekt>USGS Metadata Identifier</themekt>
        <themekey>USGS:60a82995d34ea221ce4e6092</themekey>
      </theme>
    </keywords>
    <accconst>None</accconst>
    <useconst>Portions of this database covering and country boundaries contain
intellectual property of Environmental Systems Research Institute, Inc.
(ESRI), and are used with their permission. End users are permitted to use
these data sets for their own internal use, including derivative work, but
are prohibited from using and redistributing these data individually or in a
derivative work to third parties. Please refer to the "ATTACHMENT B" file
(attach_b.txt) in the permssn directory of this CD-ROM for further
information on ESRI's license agreement. ESRI is a registered trademark in
the United States and either a trademark or registered trademark in all
other countries where it is used, and ArcExplorer, Arc/Info, Arcview and
Arcworld are trademarks of Environmental Systems Research, Inc.</useconst>
    <ptcontac>
      <cntinfo>
        <cntorgp>
          <cntorg>U.S. Geological Survey - CERSC Data Management Services Project</cntorg>
        </cntorgp>
        <cntaddr>
          <addrtype>mailing and physical</addrtype>
          <address>Denver Federal Center, Building 25, Mail Stop 939</address>
          <city>Denver</city>
          <state>CO</state>
          <postal>80225</postal>
          <country>USA</country>
        </cntaddr>
        <cntvoice>1-888-275-8747</cntvoice>
        <cntemail>datamgt@usgs.gov</cntemail>
      </cntinfo>
    </ptcontac>
    <browse>
      <browsen>https://www.sciencebase.gov/catalog/file/get/60a82995d34ea221ce4e6092?f=__disk__55%2F9e%2Feb%2F559eeb3c44bcff87ce16bb9638338cad533e5741</browsen>
      <browset>JPEG</browset>
    </browse>
    <native>UNIX, ArcInfo 8.0.2 Windows 2000, Arcview 3.2</native>
  </idinfo>
  <dataqual>
    <attracc>
      <attraccr>Plots were created of the coverage at the same scale, projection and map
extent as the source maps for the purposes of review and examination.
Review was conducted by persons uninvolved in the compilation.</attraccr>
    </attracc>
    <logic>Line topology. The coverage has been topologically built in Arc/Info 8.0.2.</logic>
    <complete>DATA PROCESSING STEPS
This map was compiled from Md. Khurshid Alam, A.K.M.Shahidul Hasan, and
Mujibur Rahman Khan (Geological Survey of Bangladesh), and John W. Whitney
(United States Geological Survey), 1990, Geological Map of Bangladesh:
Geological Survey of Bangladesh Publication, scale 1:1,000,000.

1. Original map was scanned on large format Ideal scanner in color mode with
resolution 200 dpi.
2. The scanned image was transformed to Lambert Conformal projection by
ArcInfo REGISTER and RECTIFY utilities.
3. Reference points for transformation were latitude-longitude crosses taken
from paper map and compared with the same crosses projected to Lambert in
ArcInfo PROJECT utility. Overall RMS error of transformationwas 250 m (0.25
mm on original paper map).
4. On-screen digitization was performed using a rectified image as a
backdrop in ArcInfo ARCEDIT.
5. Geological attributes were assigned to GLG item of Feature Attribute
Table (FAT) of geology coverage.
6. Base map data layers - rivers, lakes, cities, faults - were digitized as
separate coverages.
7. All the ArcInfo coverages were projected to Geographic and converted into
.E00 files, then imported to ArcView by IMPORT 71 utility and saved as shape
files.</complete>
    <posacc>
      <horizpa>
        <horizpar>1. Original geologic map is of 100 m. maximum accuracy (0.1 mm on paper
map of 1:1,000,000 scale).
2. Scanned images are of 200 dot/inch resolution (0.1 mm on paper).
Therefore fuzzy tolerance for CLEAN command in ARC/INFO was set to 300
meters (three pixels).
3. Several steps are taken to vectorize scanned images as follows:
3.1. A latitude/longitude grid with cell size 1 * 1 degree was projected
to Lambert Conformal Conic projection and then used to create an
ARC/INFO point coverage. That point coverage was used as a reference for
ArcInfo REGISTER and RECTIFY programs. Overall RMS error was 250m. The
vectorized coverage was edited and attributed in Arcedit using the color
image of the source map as a background guide.
3.2. Lines in the ARC/INFO coverage were verified and corrected by
comparing them to the color image as a background. ESRI's ArcWorld 1:3M
data set is too small in scale for position accuracy estimation since
original map was of 1: 1,000,000 scale, but to estimate relative</horizpar>
      </horizpa>
    </posacc>
    <posacc>
      <vertacc>
        <vertaccr>Not Applicable</vertaccr>
      </vertacc>
    </posacc>
    <lineage>
      <srcinfo>
        <srccite>
          <citeinfo>
            <origin>Geological Survey of Bangladesh</origin>
            <pubdate>1990</pubdate>
            <title>Geological Map of Bangladesh</title>
            <edition>N/A</edition>
            <geoform>map</geoform>
            <pubinfo>
              <pubplace>Bhutatta Rhaban, 153 Pioneer Road, Segun Bagicha, Dhaka,1000</pubplace>
              <publish>Geological Survey of Bangladesh</publish>
            </pubinfo>
          </citeinfo>
        </srccite>
        <srcscale>1000000</srcscale>
        <typesrc>paper</typesrc>
        <srctime>
          <timeinfo>
            <sngdate>
              <caldate>unknown</caldate>
            </sngdate>
          </timeinfo>
          <srccurr>publication date</srccurr>
        </srctime>
        <srccitea>Geological Map of Bangladesh</srccitea>
        <srccontr>Faults and tectonic contacts network.</srccontr>
      </srcinfo>
      <procstep>
        <procdesc>1. Original map was scanned on large format Ideal scanner in color mode
with resolution 200 dpi.
2. The scanned image was transformed to Lambert Conformal projection by
ArcInfo REGISTER and RECTIFY utilities.
3. Reference points for transformation were latitude-longitude crosses
taken from paper map and compared with the same crosses projected to
Lambert in ArcInfo PROJECT utility. Overall RMS error of
transformationwas 250 m (0.25 mm on original paper map).</procdesc>
        <procdate>200009</procdate>
      </procstep>
      <procstep>
        <procdesc>Faults were digitized on screen in Arcedit using the color image as a
background guide.</procdesc>
        <procdate>2000910</procdate>
      </procstep>
      <procstep>
        <procdesc>The master coverage was built as a line coverage.</procdesc>
        <procdate>20000926</procdate>
      </procstep>
      <procstep>
        <procdesc>The master coverage was projected to the current Geographic coordinates.</procdesc>
        <procdate>20001115</procdate>
      </procstep>
      <procstep>
        <procdesc>The projected coverage was built as line coverage.</procdesc>
        <procdate>20001115</procdate>
      </procstep>
      <procstep>
        <procdesc>The projected coverage was clipped to the current extent as a line
coverage.</procdesc>
        <procdate>20001120</procdate>
      </procstep>
      <procstep>
        <procdesc>Coverage was converted to Arcview shapefile in
Arcview 3.2.</procdesc>
        <procdate>19990215</procdate>
      </procstep>
    </lineage>
  </dataqual>
  <spdoinfo>
    <direct>Vector</direct>
    <ptvctinf>
      <sdtsterm>
        <sdtstype>GT-polygon composed of chains</sdtstype>
        <ptvctcnt>12332</ptvctcnt>
      </sdtsterm>
    </ptvctinf>
  </spdoinfo>
  <spref>
    <horizsys>
      <geograph>
        <latres>0.002</latres>
        <longres>0.002</longres>
        <geogunit>Decimal degrees</geogunit>
      </geograph>
      <geodetic>
        <horizdn>D_WGS_1984</horizdn>
        <ellips>WGS_1984</ellips>
        <semiaxis>6378137.000000</semiaxis>
        <denflat>298.257224</denflat>
      </geodetic>
    </horizsys>
  </spref>
  <eainfo>
    <detailed>
      <enttyp>
        <enttypl>Theme in internet map service - "flt8bg.shp"</enttypl>
        <enttypd>Faults and tectonic contacts</enttypd>
        <enttypds>Geological Survey of Bangladesh</enttypds>
      </enttyp>
      <attr>
        <attrlabl>type</attrlabl>
        <attrdef>type of line</attrdef>
        <attrdefs>Geological Survey of Bangladesh</attrdefs>
        <attrdomv>
          <edom>
            <edomv>Fault, Tectonic contact</edomv>
            <edomvd>Fault, Tectonic contact</edomvd>
            <edomvds>Geological Survey of
Bangladesh</edomvds>
          </edom>
        </attrdomv>
      </attr>
    </detailed>
  </eainfo>
  <distinfo>
    <distrib>
      <cntinfo>
        <cntorgp>
          <cntorg>U.S. Geological Survey - ScienceBase</cntorg>
        </cntorgp>
        <cntaddr>
          <addrtype>mailing and physical</addrtype>
          <address>Denver Federal Center, Building 810, Mail Stop 302</address>
          <city>Denver</city>
          <state>CO</state>
          <postal>80225</postal>
          <country>USA</country>
        </cntaddr>
        <cntvoice>1-888-275-8747</cntvoice>
        <cntemail>sciencebase@usgs.gov</cntemail>
      </cntinfo>
    </distrib>
    <resdesc>Downloadable Data</resdesc>
    <distliab>Unless otherwise stated, all data, metadata and related materials are considered to satisfy the quality standards relative to the purpose for which the data were collected. Although these data and associated metadata have been reviewed for accuracy and completeness and approved for release by the U.S. Geological Survey (USGS), no warranty expressed or implied is made regarding the display or utility of the data on any other system or for general or scientific purposes, nor shall the act of distribution constitute any such warranty.</distliab>
    <stdorder>
      <digform>
        <digtinfo>
          <formname>Shapefile</formname>
        </digtinfo>
        <digtopt>
          <onlinopt>
            <computer>
              <networka>
                <networkr>https://doi.org/10.5066/P93BL6ME</networkr>
              </networka>
            </computer>
          </onlinopt>
        </digtopt>
      </digform>
    </stdorder>
  </distinfo>
  <metainfo>
    <metd>20210521</metd>
    <metrd>20040617</metrd>
    <metc>
      <cntinfo>
        <cntorgp>
          <cntorg>U.S. Geological Survey - CERSC Data Management Services Project</cntorg>
        </cntorgp>
        <cntaddr>
          <addrtype>mailing and physical</addrtype>
          <address>Denver Federal Center, Building 25, Mail Stop 939</address>
          <city>Denver</city>
          <state>CO</state>
          <postal>80225</postal>
          <country>USA</country>
        </cntaddr>
        <cntvoice>1-888-275-8747</cntvoice>
        <cntemail>datamgt@usgs.gov</cntemail>
      </cntinfo>
    </metc>
    <metstdn>FGDC Content Standards for Digital Geospatial Metadata</metstdn>
    <metstdv>FGDC-STD-001-1998</metstdv>
  </metainfo>
</metadata>
