<?xml version="1.0" encoding="UTF-8"?>
<metadata xml:lang="en"><Esri><CreaDate>20241121</CreaDate><CreaTime>11414000</CreaTime><ArcGISFormat>1.0</ArcGISFormat><SyncOnce>TRUE</SyncOnce></Esri><dataIdInfo><idCitation><resTitle>Planning Communities</resTitle></idCitation><idAbs>Planning communities within the City of Kitchener</idAbs><idPurp/><idCredit>City of Kitchener, please see: http://app.kitchener.ca/opendata/ </idCredit><resConst><Consts><useLimit/></Consts></resConst></dataIdInfo></metadata>
